{
  "lbp_svm": {
    "accuracy": 0.2796043466146559,
    "f1_weighted": 0.21478384974712147,
    "train_time_s": 160.9477469921112,
    "infer_time_s": 28.76053214073181,
    "confusion_matrix": [
      [
        88,
        0,
        27,
        634,
        92,
        38,
        79
      ],
      [
        3,
        0,
        0,
        93,
        4,
        3,
        8
      ],
      [
        56,
        0,
        39,
        772,
        58,
        27,
        72
      ],
      [
        56,
        2,
        23,
        1437,
        86,
        42,
        128
      ],
      [
        63,
        0,
        16,
        881,
        134,
        25,
        128
      ],
      [
        29,
        0,
        23,
        548,
        44,
        128,
        59
      ],
      [
        44,
        1,
        20,
        861,
        92,
        34,
        181
      ]
    ],
    "per_class": {
      "Angry": {
        "precision": 0.25958702064896755,
        "recall": 0.0918580375782881,
        "f1-score": 0.13569776407093292,
        "support": 958.0
      },
      "Disgust": {
        "precision": 0.0,
        "recall": 0.0,
        "f1-score": 0.0,
        "support": 111.0
      },
      "Fear": {
        "precision": 0.2635135135135135,
        "recall": 0.0380859375,
        "f1-score": 0.06655290102389079,
        "support": 1024.0
      },
      "Happy": {
        "precision": 0.27497129735935705,
        "recall": 0.8100338218714769,
        "f1-score": 0.4105714285714286,
        "support": 1774.0
      },
      "Sad": {
        "precision": 0.2627450980392157,
        "recall": 0.107457898957498,
        "f1-score": 0.1525327262379055,
        "support": 1247.0
      },
      "Surprise": {
        "precision": 0.43097643097643096,
        "recall": 0.15403128760529483,
        "f1-score": 0.22695035460992907,
        "support": 831.0
      },
      "Neutral": {
        "precision": 0.27633587786259545,
        "recall": 0.1467964314679643,
        "f1-score": 0.1917372881355932,
        "support": 1233.0
      }
    }
  },
  "basic_cnn": {
    "accuracy": 0.6216216216216216,
    "f1_weighted": 0.6159804580311868,
    "train_time_s": 1517.754430770874,
    "infer_time_s": 1.6141605377197266,
    "confusion_matrix": [
      [
        503,
        8,
        70,
        83,
        128,
        21,
        145
      ],
      [
        26,
        62,
        7,
        4,
        7,
        0,
        5
      ],
      [
        113,
        4,
        354,
        71,
        238,
        98,
        146
      ],
      [
        40,
        0,
        29,
        1483,
        75,
        35,
        112
      ],
      [
        135,
        2,
        113,
        100,
        625,
        21,
        251
      ],
      [
        24,
        2,
        50,
        44,
        22,
        649,
        40
      ],
      [
        83,
        1,
        54,
        112,
        188,
        9,
        786
      ]
    ],
    "per_class": {
      "Angry": {
        "precision": 0.5443722943722944,
        "recall": 0.5250521920668059,
        "f1-score": 0.5345377258235919,
        "support": 958.0
      },
      "Disgust": {
        "precision": 0.7848101265822784,
        "recall": 0.5585585585585585,
        "f1-score": 0.6526315789473685,
        "support": 111.0
      },
      "Fear": {
        "precision": 0.5228951255539144,
        "recall": 0.345703125,
        "f1-score": 0.41622574955908287,
        "support": 1024.0
      },
      "Happy": {
        "precision": 0.7817606747496046,
        "recall": 0.8359639233370914,
        "f1-score": 0.8079542359030237,
        "support": 1774.0
      },
      "Sad": {
        "precision": 0.48713951675759937,
        "recall": 0.5012028869286287,
        "f1-score": 0.49407114624505927,
        "support": 1247.0
      },
      "Surprise": {
        "precision": 0.7791116446578632,
        "recall": 0.7809867629362214,
        "f1-score": 0.7800480769230769,
        "support": 831.0
      },
      "Neutral": {
        "precision": 0.5292929292929293,
        "recall": 0.6374695863746959,
        "f1-score": 0.5783664459161147,
        "support": 1233.0
      }
    },
    "history": {
      "train_acc": [
        0.3221224546432495,
        0.4343215525150299,
        0.48072606325149536,
        0.5045669078826904,
        0.5288721919059753,
        0.536496639251709,
        0.5600665807723999,
        0.5739221572875977,
        0.5857264399528503,
        0.5970276594161987,
        0.6391748785972595,
        0.6510179042816162,
        0.6724978685379028,
        0.67996746301651,
        0.6979255080223083,
        0.702569842338562,
        0.7313646674156189,
        0.7434011697769165,
        0.7486260533332825,
        0.7686353325843811,
        0.7735118865966797,
        0.7833423614501953,
        0.7797430157661438,
        0.7878319025039673,
        0.791469931602478,
        0.7940630316734314,
        0.7961529493331909,
        0.7934437394142151
      ],
      "val_acc": [
        0.23998606204986572,
        0.4555903971195221,
        0.47648903727531433,
        0.43469175696372986,
        0.5276907086372375,
        0.4956461191177368,
        0.5555555820465088,
        0.5538139939308167,
        0.3510971665382385,
        0.5555555820465088,
        0.5823754668235779,
        0.5858585834503174,
        0.6015325784683228,
        0.5882967710494995,
        0.6004876494407654,
        0.6032741069793701,
        0.5973528623580933,
        0.5980494618415833,
        0.6105886697769165,
        0.6238244771957397,
        0.622431218624115,
        0.6262626051902771,
        0.6266109347343445,
        0.6234761476516724,
        0.6255660057067871,
        0.6255660057067871,
        0.6245210766792297,
        0.6241727471351624
      ],
      "train_loss": [
        1.9614911079406738,
        1.4890707731246948,
        1.3547910451889038,
        1.2894203662872314,
        1.2386423349380493,
        1.2220293283462524,
        1.1615548133850098,
        1.1300749778747559,
        1.0913782119750977,
        1.0618146657943726,
        0.9675777554512024,
        0.924196183681488,
        0.8774241805076599,
        0.8540145754814148,
        0.8139675855636597,
        0.7958141565322876,
        0.7229694724082947,
        0.6968713998794556,
        0.6696893572807312,
        0.6292532086372375,
        0.6203872561454773,
        0.5967617630958557,
        0.5948398113250732,
        0.5804028511047363,
        0.5687938928604126,
        0.562376856803894,
        0.5522815585136414,
        0.556674063205719
      ],
      "val_loss": [
        2.5304811000823975,
        1.4249197244644165,
        1.3749877214431763,
        2.68709135055542,
        1.245736002922058,
        1.4735528230667114,
        1.158582329750061,
        1.195192813873291,
        3.6792659759521484,
        1.166939377784729,
        1.1133956909179688,
        1.103434443473816,
        1.0687929391860962,
        1.0877362489700317,
        1.0905288457870483,
        1.1156065464019775,
        1.1243246793746948,
        1.1357070207595825,
        1.0962281227111816,
        1.0798914432525635,
        1.0912786722183228,
        1.08540940284729,
        1.084755539894104,
        1.1019984483718872,
        1.0962154865264893,
        1.0953612327575684,
        1.0891222953796387,
        1.1251384019851685
      ]
    }
  },
  "emotion_labels": [
    "Angry",
    "Disgust",
    "Fear",
    "Happy",
    "Sad",
    "Surprise",
    "Neutral"
  ],
  "dataset": {
    "name": "FER2013",
    "train_size": 28709,
    "test_size": 7178,
    "n_classes": 7
  }
}